URL,Size_KB_before,Status Code_before,Indexability_Num_before,Crawl Depth_before,Folder Depth_before,Inlinks_before,Unique Inlinks_before,Outlinks_before,Response Time_before,Word Count_before,FCP_before,CLS_before,LCP Score_before,TBT_Milliseconds_before,Speed Index_before,Performance_Score_before,SEO_Health_Score_before,SEO Status_before,Performance Flag_before,Heavy Page Flag_before,Performance Category_before,Indexability Clean_before,LCP Category_before,Slow Page Flag_before,SEO Issue Status_before,Size_KB_after,Status Code_after,Indexability_Num_after,Crawl Depth_after,Folder Depth_after,Inlinks_after,Unique Inlinks_after,Outlinks_after,Response Time_after,Word Count_after,FCP_after,CLS_after,LCP Score_after,TBT_Milliseconds_after,Speed Index_after,Performance_Score_after,SEO_Health_Score_after,SEO Status_after,Performance Flag_after,Heavy Page Flag_after,Performance Category_after,Indexability Clean_after,LCP Category_after,Slow Page Flag_after,SEO Issue Status_after,Performance_Improvement,Speed_Improvement,LCP_Improvement,SEO_Health_Improvement,Target,Improvement_Class
https://wooferzz.com/,166.67,200,1,0,0,185,46,39,0.5,454,2.3,0,7,0,6,68,90,Good,Fast (?3s),Light Page,Average,1,Poor,Slow,Critical,141.67,200,1,0,0,185,46,39,0.3,454,1.6,0,2,0,3.6,93,95,Good,Fast (<2s),Light Page,Good,1,Good,Good,Good,25,0.2,5,5,1,High Improvement
https://wooferzz.com/blogs/news,79.07,200,1,0,1,94,46,27,0.3,137,2.2,0,5,0,4.1,77,80,Good,Fast (?3s),Light Page,Average,1,Needs Improvement,Slow,Warning,67.21,200,1,0,1,94,46,27,0.18,137,1.5,0,2,0,2.5,92,95,Good,Fast (<2s),Light Page,Good,1,Good,Good,Good,15,0.12,3,15,1,Low Improvement
https://wooferzz.com/blogs/news/wooferzz-healthy-treats-for-dogs-hope-for-strays,89.56,200,1,0,2,3,2,26,0.4,443,2.1,0,5,10,4,78,75,Average,Fast (?3s),Light Page,Average,1,Needs Improvement,Slow,Warning,76.13,200,1,0,2,3,2,26,0.24,443,1.5,0,2,2,2.4,92,90,Good,Fast (<2s),Light Page,Good,1,Good,Good,Good,14,0.16,3,15,1,Low Improvement
https://wooferzz.com/collections/biscuits,221.08,200,1,0,1,102,46,64,0.7,569,2.3,0,6,20,5.7,71,95,Good,Fast (?3s),Light Page,Average,1,Needs Improvement,Slow,Warning,187.92,200,1,0,1,102,46,64,0.42,569,1.6,0,2,4,3.4,96,95,Good,Fast (<2s),Light Page,Good,1,Good,Good,Good,25,0.28,4,0,1,High Improvement
https://wooferzz.com/collections/bowl,187.74,200,1,0,1,102,46,58,0.3,454,1.1,0,2,100,2.2,98,90,Good,Fast (?3s),Light Page,Good,1,Good,Good,Good,187.74,200,1,0,1,102,46,58,0.3,454,1.1,0,2,100,2.2,98,90,Good,Fast (?3s),Light Page,Good,1,Good,Good,Good,0,0,0,0,0,No Improvement
https://wooferzz.com/collections/munchies,138.22,200,1,0,1,102,46,42,0.5,256,2.1,0,5,30,4.3,77,80,Good,Fast (?3s),Light Page,Average,1,Needs Improvement,Slow,Warning,117.49,200,1,0,1,102,46,42,0.3,256,1.5,0,2,6,2.6,92,95,Good,Fast (<2s),Light Page,Good,1,Good,Good,Good,15,0.2,3,15,1,Low Improvement
https://wooferzz.com/pages/contact-us,77.14,200,1,0,1,93,46,25,0.3,175,2.1,0,5,40,3.7,79,80,Good,Fast (?3s),Light Page,Average,1,Needs Improvement,Slow,Warning,65.57,200,1,0,1,93,46,25,0.18,175,1.5,0,2,8,2.2,92,95,Good,Fast (<2s),Light Page,Good,1,Good,Good,Good,13,0.12,3,15,1,Low Improvement
https://wooferzz.com/pages/our-story,79.05,200,1,0,1,93,46,25,0.5,426,1.1,0,2,40,1.8,98,90,Good,Fast (?3s),Light Page,Good,1,Good,Good,Good,79.05,200,1,0,1,93,46,25,0.5,426,1.1,0,2,40,1.8,98,90,Good,Fast (?3s),Light Page,Good,1,Good,Good,Good,0,0,0,0,0,No Improvement
https://wooferzz.com/pages/subscription,89.67,200,1,0,1,93,46,25,0.3,237,2.2,0,5,20,5.1,75,80,Good,Fast (?3s),Light Page,Average,1,Needs Improvement,Slow,Warning,76.22,200,1,0,1,93,46,25,0.18,237,1.5,0,2,4,3.1,92,95,Good,Fast (<2s),Light Page,Good,1,Good,Good,Good,17,0.12,3,15,1,Low Improvement
https://wooferzz.com/products/buy-4-get-1-free-1,140.95,200,1,0,1,50,46,38,0.4,556,1.7,0,4,40,2.7,88,95,Good,Fast (?3s),Light Page,Average,1,Good,Average,Good,119.81,200,1,0,1,50,46,38,0.24,556,1.2,0,1,8,1.6,92,95,Good,Fast (<2s),Light Page,Good,1,Good,Good,Good,4,0.16,3,0,1,Low Improvement
https://wooferzz.com/products/buy-4-get-1-free-400grams,177.65,200,1,0,1,4,1,38,0.3,557,1.9,0,6,20,3.4,76,80,Good,Fast (?3s),Light Page,Average,1,Needs Improvement,Slow,Warning,151,200,1,0,1,4,1,38,0.18,557,1.3,0,2,4,2,92,95,Good,Fast (<2s),Light Page,Good,1,Good,Good,Good,16,0.12,4,15,1,Low Improvement
https://wooferzz.com/products/buy-4-get-1-free-700grams,177.68,200,1,0,1,50,46,38,0.5,557,2.9,0,7,100,5.7,66,95,Good,Fast (?3s),Light Page,Average,1,Needs Improvement,Slow,Warning,151.03,200,1,0,1,50,46,38,0.3,557,2,0,2,20,3.4,91,95,Good,Fast (<2s),Light Page,Good,1,Good,Good,Good,25,0.2,5,0,1,High Improvement
https://wooferzz.com/products/calcium-sticks,146.85,200,1,0,1,80,38,38,0.4,370,2.9,0,8,70,5.7,66,90,Good,Fast (?3s),Light Page,Average,1,Poor,Slow,Critical,124.82,200,1,0,1,80,38,38,0.24,370,2,0,3,14,3.4,91,95,Good,Fast (<2s),Light Page,Good,1,Good,Good,Good,25,0.16,5,5,1,High Improvement
https://wooferzz.com/products/chicken-munchies-1,153.97,200,1,0,1,80,38,38,0.4,380,2.7,0,8,20,6.1,66,90,Good,Fast (?3s),Light Page,Average,1,Poor,Slow,Critical,130.87,200,1,0,1,80,38,38,0.24,380,1.9,0,3,4,3.7,91,95,Good,Fast (<2s),Light Page,Good,1,Good,Good,Good,25,0.16,5,5,1,High Improvement
https://wooferzz.com/products/mint-munchies-1,156.84,200,1,0,1,80,38,38,0.6,393,2.8,0,8,20,6.2,66,90,Good,Fast (?3s),Light Page,Average,1,Poor,Slow,Critical,133.31,200,1,0,1,80,38,38,0.36,393,2,0,3,4,3.7,91,95,Good,Fast (<2s),Light Page,Good,1,Good,Good,Good,25,0.24,5,5,1,High Improvement
https://wooferzz.com/products/mutton-munchies-1,153.66,200,1,0,1,80,38,38,0.5,397,2.7,0,7,10,5.8,67,90,Good,Fast (?3s),Light Page,Average,1,Poor,Slow,Critical,130.61,200,1,0,1,80,38,38,0.3,397,1.9,0,2,2,3.5,92,95,Good,Fast (<2s),Light Page,Good,1,Good,Good,Good,25,0.2,5,5,1,High Improvement
https://wooferzz.com/products/pawperz-chicken-biscuits,188.21,200,1,0,1,6,2,38,0.4,486,2.9,0,8,60,5.9,66,85,Good,Fast (?3s),Light Page,Average,1,Poor,Slow,Critical,159.98,200,1,0,1,6,2,38,0.24,486,2,0,3,12,3.5,91,95,Good,Fast (<2s),Light Page,Good,1,Good,Good,Good,25,0.16,5,10,1,High Improvement
https://wooferzz.com/products/pawperz-chicken-biscuts,157.82,200,1,0,1,6,2,38,0.5,451,2.9,0,8,90,5.7,66,85,Good,Fast (?3s),Light Page,Average,1,Poor,Slow,Critical,134.15,200,1,0,1,6,2,38,0.3,451,2,0,3,18,3.4,91,95,Good,Fast (<2s),Light Page,Good,1,Good,Good,Good,25,0.2,5,10,1,High Improvement
https://wooferzz.com/products/pawperz-chicken-biscuts-700gm,157.72,200,1,0,1,6,2,38,0.4,451,1.7,0,4,0,3,85,85,Good,Fast (?3s),Light Page,Average,1,Good,Slow,Good,134.06,200,1,0,1,6,2,38,0.24,451,1.2,0,1,0,1.8,92,95,Good,Fast (<2s),Light Page,Good,1,Good,Good,Good,7,0.16,3,10,1,Low Improvement
https://wooferzz.com/products/pawperz-egg-biscuits,157.21,200,1,0,1,6,2,38,0.6,388,2.8,0,7,190,5.7,64,85,Good,Fast (?3s),Light Page,Average,1,Needs Improvement,Slow,Warning,133.63,200,1,0,1,6,2,38,0.36,388,2,0,2,38,3.4,89,95,Good,Fast (<2s),Light Page,Good,1,Good,Good,Good,25,0.24,5,10,1,High Improvement
https://wooferzz.com/products/pawperz-egg-biscuits-1,187.47,200,1,0,1,6,2,38,0.5,423,2.9,0,8,80,5.9,66,85,Good,Fast (?3s),Light Page,Average,1,Poor,Slow,Critical,159.35,200,1,0,1,6,2,38,0.3,423,2,0,3,16,3.5,91,95,Good,Fast (<2s),Light Page,Good,1,Good,Good,Good,25,0.2,5,10,1,High Improvement
https://wooferzz.com/products/pawperz-egg-biscuits-700gm,157.11,200,1,0,1,6,2,38,0.4,388,2.7,0,6,10,4.8,70,85,Good,Fast (?3s),Light Page,Average,1,Needs Improvement,Slow,Warning,133.54,200,1,0,1,6,2,38,0.24,388,1.9,0,2,2,2.9,95,95,Good,Fast (<2s),Light Page,Good,1,Good,Good,Good,25,0.16,4,10,1,High Improvement
https://wooferzz.com/products/pawperz-milk-biscuits,157.43,200,1,0,1,6,2,38,0.5,417,2.7,0,8,140,6,65,85,Good,Fast (?3s),Light Page,Average,1,Poor,Slow,Critical,133.82,200,1,0,1,6,2,38,0.3,417,1.9,0,3,28,3.6,90,95,Good,Fast (<2s),Light Page,Good,1,Good,Good,Good,25,0.2,5,10,1,High Improvement
https://wooferzz.com/products/pawperz-milk-biscuits-1,187.92,200,1,0,1,6,2,38,0.3,452,1.7,0.002,7,20,2.9,76,85,Good,Fast (?3s),Light Page,Average,1,Needs Improvement,Slow,Warning,159.73,200,1,0,1,6,2,38,0.18,452,1.2,0,2,4,1.7,92,95,Good,Fast (<2s),Light Page,Good,1,Good,Good,Good,16,0.12,5,10,1,Low Improvement
https://wooferzz.com/products/pawperz-milk-biscuits-250-mg,152.15,200,1,0,1,6,2,38,0.4,411,2.2,0,5,80,2.8,82,85,Good,Fast (?3s),Light Page,Average,1,Good,Slow,Good,129.33,200,1,0,1,6,2,38,0.24,411,1.5,0,2,16,1.7,92,95,Good,Fast (<2s),Light Page,Good,1,Good,Good,Good,10,0.16,3,10,1,Low Improvement
https://wooferzz.com/products/pawperz-milk-biscuits-700gm,157.33,200,1,0,1,6,2,38,0.4,417,2.8,0,8,90,6.1,65,85,Good,Fast (?3s),Light Page,Average,1,Poor,Slow,Critical,133.73,200,1,0,1,6,2,38,0.24,417,2,0,3,18,3.7,90,95,Good,Fast (<2s),Light Page,Good,1,Good,Good,Good,25,0.16,5,10,1,High Improvement
https://wooferzz.com/products/pawperz-spinach-bicuits,158.32,200,1,0,1,6,2,38,0.7,411,1.7,0,5,0,3,83,85,Good,Fast (?3s),Light Page,Average,1,Good,Slow,Good,134.57,200,1,0,1,6,2,38,0.42,411,1.2,0,2,0,1.8,92,95,Good,Fast (<2s),Light Page,Good,1,Good,Good,Good,9,0.28,3,10,1,Low Improvement
https://wooferzz.com/products/pawperz-spinach-bicuits-700gm,157.37,200,1,0,1,6,2,38,0.6,411,2.9,0,8,50,6.1,66,85,Good,Fast (?3s),Light Page,Average,1,Poor,Slow,Critical,133.76,200,1,0,1,6,2,38,0.36,411,2,0,3,10,3.7,91,95,Good,Fast (<2s),Light Page,Good,1,Good,Good,Good,25,0.24,5,10,1,High Improvement
https://wooferzz.com/products/pawperz-spinach-biscuits,186.03,200,1,0,1,6,2,38,0.5,442,1.7,0,4,20,3,89,85,Good,Fast (?3s),Light Page,Average,1,Good,Average,Good,158.13,200,1,0,1,6,2,38,0.3,442,1.2,0,1,4,1.8,92,95,Good,Fast (<2s),Light Page,Good,1,Good,Good,Good,3,0.2,3,10,1,Low Improvement
https://wooferzz.com/products/pawperzz-chicken-biscuits,158.83,200,1,0,1,6,2,38,0.5,451,2.7,0,6,10,4.5,71,85,Good,Fast (?3s),Light Page,Average,1,Needs Improvement,Slow,Warning,135.01,200,1,0,1,6,2,38,0.3,451,1.9,0,2,2,2.7,96,95,Good,Fast (<2s),Light Page,Good,1,Good,Good,Good,25,0.2,4,10,1,High Improvement
https://wooferzz.com/products/pawperzz-egg-biscuits-250g,158.22,200,1,0,1,6,2,38,0.5,394,2.7,0,7,10,5.7,67,85,Good,Fast (?3s),Light Page,Average,1,Poor,Slow,Critical,134.49,200,1,0,1,6,2,38,0.3,394,1.9,0,2,2,3.4,92,95,Good,Fast (<2s),Light Page,Good,1,Good,Good,Good,25,0.2,5,10,1,High Improvement
https://wooferzz.com/products/pawperzz-spinach-biscuits,156.64,200,1,0,1,6,2,38,0.7,411,2.7,0,7,80,5.9,66,85,Good,Fast (?3s),Light Page,Average,1,Poor,Slow,Critical,133.14,200,1,0,1,6,2,38,0.42,411,1.9,0,2,16,3.5,91,95,Good,Fast (<2s),Light Page,Good,1,Good,Good,Good,25,0.28,5,10,1,High Improvement
https://wooferzz.com/products/premium-bowls,148.16,200,1,0,1,6,2,38,0.6,315,2.7,0,6,20,4.4,72,85,Good,Fast (?3s),Light Page,Average,1,Needs Improvement,Slow,Warning,125.94,200,1,0,1,6,2,38,0.36,315,1.9,0,2,4,2.6,97,95,Good,Fast (<2s),Light Page,Good,1,Good,Good,Good,25,0.24,4,10,1,High Improvement
https://wooferzz.com/products/premium-bowls-1,146.29,200,1,0,1,6,2,38,0.9,315,2.7,0,6,20,4.8,70,85,Good,Fast (?3s),Light Page,Average,1,Needs Improvement,Slow,Warning,124.35,200,1,0,1,6,2,38,0.54,315,1.9,0,2,4,2.9,95,95,Good,Fast (<2s),Light Page,Good,1,Good,Good,Good,25,0.36,4,10,1,High Improvement
https://wooferzz.com/products/premium-bowls-2,146.29,200,1,0,1,6,2,38,0.6,315,2.7,0,7,10,4.5,70,85,Good,Fast (?3s),Light Page,Average,1,Needs Improvement,Slow,Warning,124.35,200,1,0,1,6,2,38,0.36,315,1.9,0,2,2,2.7,95,95,Good,Fast (<2s),Light Page,Good,1,Good,Good,Good,25,0.24,5,10,1,High Improvement
https://wooferzz.com/products/premium-bowls-3,146.29,200,1,0,1,6,2,38,0.4,315,2.9,0,7,20,5.9,67,85,Good,Fast (?3s),Light Page,Average,1,Needs Improvement,Slow,Warning,124.35,200,1,0,1,6,2,38,0.24,315,2,0,2,4,3.5,92,95,Good,Fast (<2s),Light Page,Good,1,Good,Good,Good,25,0.16,5,10,1,High Improvement
https://wooferzz.com/products/premium-bowls-4,152.25,200,1,0,1,6,2,38,0.6,321,2.7,0,7,90,5.8,67,85,Good,Fast (?3s),Light Page,Average,1,Poor,Slow,Critical,129.41,200,1,0,1,6,2,38,0.36,321,1.9,0,2,18,3.5,92,95,Good,Fast (<2s),Light Page,Good,1,Good,Good,Good,25,0.24,5,10,1,High Improvement
https://wooferzz.com/products/slow-feeding-bowl,148.27,200,1,0,1,6,2,38,0.7,319,2.7,0,6,40,4.5,71,85,Good,Fast (?3s),Light Page,Average,1,Needs Improvement,Slow,Warning,126.03,200,1,0,1,6,2,38,0.42,319,1.9,0,2,8,2.7,96,95,Good,Fast (<2s),Light Page,Good,1,Good,Good,Good,25,0.28,4,10,1,High Improvement
https://wooferzz.com/products/slow-feeding-bowl-1,148.31,200,1,0,1,6,2,38,0.5,319,1.6,0,4,30,2.9,85,85,Good,Fast (?3s),Light Page,Average,1,Good,Slow,Good,126.06,200,1,0,1,6,2,38,0.3,319,1.1,0,1,6,1.7,92,95,Good,Fast (<2s),Light Page,Good,1,Good,Good,Good,7,0.2,3,10,1,Low Improvement
https://wooferzz.com/products/slow-feeding-bowl-2,148.31,200,1,0,1,6,2,38,0.6,319,2.7,0,7,80,5.8,67,85,Good,Fast (?3s),Light Page,Average,1,Poor,Slow,Critical,126.06,200,1,0,1,6,2,38,0.36,319,1.9,0,2,16,3.5,92,95,Good,Fast (<2s),Light Page,Good,1,Good,Good,Good,25,0.24,5,10,1,High Improvement
https://wooferzz.com/products/spinach-munchies-1,155.57,200,1,0,1,80,38,38,0.8,382,3,0,7,70,5.8,66,90,Good,Fast (?3s),Light Page,Average,1,Poor,Slow,Critical,132.23,200,1,0,1,80,38,38,0.48,382,2.1,0,2,14,3.5,91,95,Good,Fast (<2s),Light Page,Good,1,Good,Good,Good,25,0.32,5,5,1,High Improvement
https://wooferzz.com/products/stainless-premium-bowls,138.44,200,1,0,1,6,2,38,1.3,312,2.9,0,7,30,6.1,66,85,Good,Fast (?3s),Light Page,Average,1,Poor,Slow,Critical,117.67,200,1,0,1,6,2,38,0.78,312,2,0,2,6,3.7,91,95,Good,Fast (<2s),Light Page,Good,1,Good,Good,Good,25,0.52,5,10,1,High Improvement
https://wooferzz.com/products/stainless-premium-bowls-1,138.47,200,1,0,1,6,2,38,1.4,312,2.9,0,7,20,6.1,66,85,Good,Fast (?3s),Light Page,Average,1,Poor,Slow,Critical,117.7,200,1,0,1,6,2,38,0.84,312,2,0,2,4,3.7,91,95,Good,Fast (<2s),Light Page,Good,1,Good,Good,Good,25,0.56,5,10,1,High Improvement
https://wooferzz.com/products/stainless-premium-bowls-2,138.47,200,1,0,1,6,2,38,0.9,312,2.9,0,7,140,5.8,65,85,Good,Fast (?3s),Light Page,Average,1,Poor,Slow,Critical,117.7,200,1,0,1,6,2,38,0.54,312,2,0,2,28,3.5,90,95,Good,Fast (<2s),Light Page,Good,1,Good,Good,Good,25,0.36,5,10,1,High Improvement
https://wooferzz.com/products/stainless-premium-bowls-3,138.47,200,1,0,1,6,2,38,0.7,312,1.7,0,6,20,2.9,77,85,Good,Fast (?3s),Light Page,Average,1,Needs Improvement,Slow,Warning,117.7,200,1,0,1,6,2,38,0.42,312,1.2,0,2,4,1.7,92,95,Good,Fast (<2s),Light Page,Good,1,Good,Good,Good,15,0.28,4,10,1,Low Improvement
https://wooferzz.com/products/water-bowls,158.91,200,1,0,1,6,2,38,1.1,337,2.7,0,8,0,6,67,85,Good,Fast (?3s),Light Page,Average,1,Poor,Slow,Critical,135.07,200,1,0,1,6,2,38,0.66,337,1.9,0,3,0,3.6,92,95,Good,Fast (<2s),Light Page,Good,1,Good,Good,Good,25,0.44,5,10,1,High Improvement
https://wooferzz.com/products/chicken-jerky-treats,192.05,200,1,1,1,4,3,31,0.65,451,1.8,0,4,30,5.2,68,75,Good,Slow,Heavy Page,Poor,1,Needs Improvement,Slow,Critical,120.23,200,1,1,1,5,2,33,0.17,354,1.7,0,3,2,2.3,92,100,Good,Fast (<2s),Light Page,Good,1,Good,Good,Good,24,0.48,1,25,1,High Improvement
https://wooferzz.com/products/mutton-crunchies,134.44,200,1,1,1,3,3,27,0.49,312,1.8,0,4,0,4.1,60,80,Good,Fast (≤3s),Light Page,Poor,1,Needs Improvement,Slow,Critical,119.2,200,1,2,1,5,2,33,0.24,403,1.1,0,2,12,3.7,95,90,Good,Fast (<2s),Light Page,Good,1,Good,Good,Good,35,0.25,2,10,1,High Improvement
https://wooferzz.com/products/peanut-butter-cookies-for-dogs,94.71,200,1,1,1,6,1,31,0.75,466,2.2,0,7,50,3.9,73,80,Good,Slow,Light Page,Average,1,Poor,Slow,Critical,106.76,200,1,1,1,8,2,41,0.16,464,1.2,0,2,0,3.1,97,90,Good,Fast (<2s),Light Page,Good,1,Good,Good,Good,24,0.59,5,10,1,High Improvement
https://wooferzz.com/products/calcium-milk-bones,235.77,200,1,1,1,3,2,26,0.93,499,2.2,0,5,20,4.4,66,70,Good,Slow,Heavy Page,Poor,1,Needs Improvement,Slow,Critical,92.05,200,1,1,1,7,2,26,0.19,375,1.2,0,1,8,3.4,92,95,Good,Fast (<2s),Light Page,Good,1,Good,Good,Good,26,0.74,4,25,1,High Improvement
https://wooferzz.com/products/turmeric-immunity-bites,123.97,200,1,1,1,3,2,34,0.75,378,2,0,4,80,6.3,63,85,Good,Slow,Light Page,Poor,1,Needs Improvement,Slow,Critical,71.88,200,1,2,1,3,2,33,0.35,413,1.7,0,1,8,2.8,90,100,Good,Fast (<2s),Light Page,Good,1,Good,Good,Good,27,0.4,3,15,1,High Improvement
https://wooferzz.com/products/sweet-potato-chews,162.84,200,1,2,1,9,3,41,0.65,407,3.2,0,7,0,3.6,70,85,Good,Slow,Light Page,Average,1,Poor,Slow,Critical,71.16,200,1,1,1,9,1,35,0.22,353,1.6,0,1,4,3.6,94,90,Good,Fast (<2s),Light Page,Good,1,Good,Good,Good,24,0.43,6,5,1,High Improvement
https://wooferzz.com/products/salmon-oil-skin-coat,175.84,200,1,2,1,4,1,34,0.94,333,1.9,0,8,40,4.1,65,80,Good,Slow,Light Page,Poor,1,Poor,Slow,Critical,142.69,200,1,2,1,4,1,27,0.31,437,1.6,0,2,2,3.5,94,90,Good,Fast (<2s),Light Page,Good,1,Good,Good,Good,29,0.63,6,10,1,High Improvement
https://wooferzz.com/products/wagging-tail-cupcakes,146.34,200,1,2,1,8,1,34,0.45,349,2.6,0,6,0,4,81,75,Good,Fast (≤3s),Light Page,Average,1,Poor,Slow,Critical,78.23,200,1,1,1,3,2,29,0.18,288,1.7,0,1,4,2.5,92,95,Good,Fast (<2s),Light Page,Good,1,Good,Good,Good,11,0.27,5,20,1,Low Improvement
https://wooferzz.com/products/birthday-bark-cake,188.57,200,1,1,1,8,1,39,0.64,373,2.8,0,6,30,5.2,63,70,Good,Slow,Heavy Page,Poor,1,Poor,Slow,Critical,80.46,200,1,1,1,3,2,32,0.31,472,1.3,0,2,0,3.3,91,100,Good,Fast (<2s),Light Page,Good,1,Good,Good,Good,28,0.33,4,30,1,High Improvement
https://wooferzz.com/products/organic-hemp-anxiety-treats,171.84,200,1,1,1,8,2,27,0.92,494,2.3,0,4,10,4.1,66,85,Good,Slow,Light Page,Poor,1,Needs Improvement,Slow,Critical,110.04,200,1,2,1,3,3,28,0.44,322,1.6,0,3,16,2.2,96,95,Good,Fast (<2s),Light Page,Good,1,Good,Good,Good,30,0.48,1,10,1,High Improvement
https://wooferzz.com/products/dental-care-chew-sticks,202.63,200,1,1,1,5,1,28,0.81,419,1.9,0,4,0,5,78,90,Good,Slow,Heavy Page,Average,1,Needs Improvement,Slow,Warning,102.15,200,1,2,1,4,1,35,0.38,391,1.3,0,1,8,3.1,97,95,Good,Fast (<2s),Light Page,Good,1,Good,Good,Good,19,0.43,3,5,1,Low Improvement
https://wooferzz.com/products/grain-free-puppy-kibble,215.54,200,1,1,1,7,1,30,0.88,362,3,0,8,10,4.7,79,75,Good,Slow,Heavy Page,Average,1,Poor,Slow,Critical,95.52,200,1,1,1,6,3,35,0.39,422,1.1,0,1,8,2.9,91,90,Good,Fast (<2s),Light Page,Good,1,Good,Good,Good,12,0.49,7,15,1,Low Improvement
https://wooferzz.com/products/adult-dog-premium-meal,236.69,200,1,2,1,3,2,39,0.71,328,2.3,0,8,20,6.3,65,80,Good,Slow,Heavy Page,Poor,1,Poor,Slow,Critical,99.74,200,1,1,1,3,3,39,0.4,301,1.2,0,1,4,3.1,94,100,Good,Fast (<2s),Light Page,Good,1,Good,Good,Good,29,0.31,7,20,1,High Improvement
https://wooferzz.com/products/dehydrated-anchovy-bites,213.38,200,1,1,1,7,3,25,0.92,397,2.8,0,4,10,3.7,79,80,Good,Slow,Heavy Page,Average,1,Needs Improvement,Slow,Warning,124.47,200,1,1,1,5,1,40,0.26,306,1.1,0,3,12,1.6,93,90,Good,Fast (<2s),Light Page,Good,1,Good,Good,Good,14,0.66,1,10,1,Low Improvement
https://wooferzz.com/products/liver-freeze-dried-treats,157.58,200,1,2,1,9,3,26,0.47,461,3.1,0,8,30,4.2,74,75,Good,Fast (≤3s),Light Page,Average,1,Poor,Slow,Critical,79.35,200,1,1,1,3,1,35,0.15,368,1.3,0,2,16,2.7,92,95,Good,Fast (<2s),Light Page,Good,1,Good,Good,Good,18,0.32,6,20,1,Low Improvement
https://wooferzz.com/products/pork-twister-sticks,226.57,200,1,2,1,3,1,26,0.56,285,2.5,0,4,40,5.9,70,70,Good,Fast (≤3s),Heavy Page,Average,1,Needs Improvement,Slow,Critical,128.11,200,1,1,1,6,2,25,0.42,358,1.2,0,1,16,2.2,90,90,Good,Fast (<2s),Light Page,Good,1,Good,Good,Good,20,0.14,3,20,1,High Improvement
https://wooferzz.com/products/duck-breast-strips,209.91,200,1,1,1,3,3,39,0.75,326,1.9,0,6,80,4.6,60,85,Good,Slow,Heavy Page,Poor,1,Poor,Slow,Critical,70.79,200,1,1,1,4,3,30,0.18,281,1.5,0,1,0,2.6,88,95,Good,Fast (<2s),Light Page,Good,1,Good,Good,Good,28,0.57,5,10,1,High Improvement
https://wooferzz.com/products/vegan-apple-cinnamon-biscuits,141.44,200,1,1,1,3,3,34,0.66,448,2.3,0,4,40,4.9,72,75,Good,Slow,Light Page,Average,1,Needs Improvement,Slow,Critical,137.43,200,1,1,1,4,1,25,0.31,337,1.2,0,1,8,2.6,96,90,Good,Fast (<2s),Light Page,Good,1,Good,Good,Good,24,0.35,3,15,1,High Improvement
https://wooferzz.com/products/pumpkin-digestive-biscuits,173.51,200,1,2,1,3,1,36,0.71,326,2.2,0,7,40,4.1,67,80,Good,Slow,Light Page,Poor,1,Poor,Slow,Critical,75.45,200,1,1,1,9,2,27,0.39,327,1.6,0,1,2,1.6,96,90,Good,Fast (<2s),Light Page,Good,1,Good,Good,Good,29,0.32,6,10,1,High Improvement
https://wooferzz.com/products/carrot-delight-cookies,234.75,200,1,2,1,7,3,33,0.47,293,2.8,0,4,10,4,61,85,Good,Fast (≤3s),Heavy Page,Poor,1,Needs Improvement,Slow,Critical,83.52,200,1,2,1,6,1,27,0.25,372,1.8,0,1,8,3.6,95,95,Good,Fast (<2s),Light Page,Good,1,Good,Good,Good,34,0.22,3,10,1,High Improvement
https://wooferzz.com/products/banana-oats-training-treats,184.16,200,1,1,1,8,1,25,0.58,434,2,0,8,0,5.1,79,85,Good,Fast (≤3s),Heavy Page,Average,1,Poor,Slow,Critical,98.14,200,1,1,1,8,3,32,0.19,315,1.7,0,1,8,2.5,91,100,Good,Fast (<2s),Light Page,Good,1,Good,Good,Good,12,0.39,7,15,1,Low Improvement
https://wooferzz.com/products/gourmet-mutt-muffins,226.27,200,1,1,1,3,3,32,0.72,339,2.4,0,5,50,5.3,80,75,Good,Slow,Heavy Page,Average,1,Needs Improvement,Slow,Critical,70.82,200,1,1,1,7,3,36,0.15,480,1.7,0,1,12,2,92,95,Good,Fast (<2s),Light Page,Good,1,Good,Good,Good,12,0.57,4,20,1,Low Improvement
https://wooferzz.com/products/grain-free-lamb-recipe,210.43,200,1,1,1,4,3,41,0.4,407,2.3,0,7,0,6.1,80,75,Good,Fast (≤3s),Heavy Page,Average,1,Poor,Slow,Critical,128.36,200,1,1,1,8,2,36,0.39,409,1.7,0,1,2,2.6,92,100,Good,Fast (<2s),Light Page,Good,1,Good,Good,Good,12,0.01,6,25,1,Low Improvement
https://wooferzz.com/products/wet-food-chicken-gravy,215.48,200,1,2,1,8,2,28,0.72,408,2.2,0,6,80,5.1,71,70,Good,Slow,Heavy Page,Average,1,Poor,Slow,Critical,100.58,200,1,1,1,4,1,26,0.18,410,1.5,0,3,2,2.6,93,95,Good,Fast (<2s),Light Page,Good,1,Good,Good,Good,22,0.54,3,25,1,High Improvement
https://wooferzz.com/products/premium-orthopedic-dog-bed,120.75,200,1,1,1,6,1,26,0.56,408,3.1,0,5,80,5.7,78,90,Good,Fast (≤3s),Light Page,Average,1,Needs Improvement,Slow,Warning,124.08,200,1,2,1,7,3,38,0.42,474,1.6,0,1,8,2.6,97,90,Good,Fast (<2s),Light Page,Good,1,Good,Good,Good,19,0.14,4,0,1,Low Improvement
https://wooferzz.com/products/anti-anxiety-calming-bed,110.9,200,1,2,1,4,1,34,0.86,379,3.2,0,5,40,4,65,80,Good,Slow,Light Page,Poor,1,Needs Improvement,Slow,Critical,90.92,200,1,2,1,5,2,27,0.18,378,1.4,0,1,4,1.6,93,90,Good,Fast (<2s),Light Page,Good,1,Good,Good,Good,28,0.68,4,10,1,High Improvement
https://wooferzz.com/products/waterproof-car-seat-cover,133.3,200,1,2,1,3,2,28,0.6,427,2.8,0,6,50,4.9,74,90,Good,Fast (≤3s),Light Page,Average,1,Poor,Slow,Warning,129.59,200,1,2,1,7,3,29,0.26,315,1.1,0,2,0,2.9,95,95,Good,Fast (<2s),Light Page,Good,1,Good,Good,Good,21,0.34,4,5,1,High Improvement
https://wooferzz.com/products/ergonomic-dog-harness,103.01,200,1,2,1,3,3,33,0.93,388,2.9,0,8,0,5.5,75,70,Good,Slow,Light Page,Average,1,Poor,Slow,Critical,92.94,200,1,2,1,6,2,25,0.33,482,1.4,0,2,8,3.4,95,95,Good,Fast (<2s),Light Page,Good,1,Good,Good,Good,20,0.6,6,25,1,High Improvement
https://wooferzz.com/products/reflective-heavy-duty-leash,140.98,200,1,1,1,7,2,36,0.8,405,1.9,0,4,30,5.9,67,75,Good,Slow,Light Page,Poor,1,Needs Improvement,Slow,Critical,133.78,200,1,2,1,3,2,29,0.15,493,1.2,0,1,12,3.6,96,90,Good,Fast (<2s),Light Page,Good,1,Good,Good,Good,29,0.65,3,15,1,High Improvement
https://wooferzz.com/products/retractable-walking-leash,154.17,200,1,2,1,8,3,38,0.61,367,2.8,0,7,20,6.3,77,80,Good,Slow,Light Page,Average,1,Poor,Slow,Critical,86.12,200,1,1,1,3,3,40,0.23,319,1.8,0,2,16,2,95,100,Good,Fast (<2s),Light Page,Good,1,Good,Good,Good,18,0.38,5,20,1,Low Improvement
https://wooferzz.com/products/personalized-dog-collar,167.29,200,1,1,1,6,2,29,0.67,377,3.2,0,6,20,4.2,64,70,Good,Slow,Light Page,Poor,1,Poor,Slow,Critical,107.23,200,1,1,1,7,3,32,0.23,282,1.3,0,3,4,1.5,89,100,Good,Fast (<2s),Light Page,Good,1,Good,Good,Good,25,0.44,3,30,1,High Improvement
https://wooferzz.com/products/stainless-steel-double-bowl,142.17,200,1,1,1,5,3,40,0.77,448,2.6,0,8,0,6.1,77,85,Good,Slow,Light Page,Average,1,Poor,Slow,Critical,114.81,200,1,2,1,3,2,41,0.41,459,1.2,0,1,12,3.8,89,90,Good,Fast (<2s),Light Page,Good,1,Good,Good,Good,12,0.36,7,5,1,Low Improvement
https://wooferzz.com/products/ceramic-elevated-cat-dog-bowl,109.27,200,1,1,1,8,2,28,0.56,498,1.8,0,4,10,4.5,73,90,Good,Fast (≤3s),Light Page,Average,1,Needs Improvement,Slow,Warning,138.77,200,1,1,1,6,2,29,0.16,365,1.2,0,2,8,1.8,91,100,Good,Fast (<2s),Light Page,Good,1,Good,Good,Good,18,0.4,2,10,1,Low Improvement
https://wooferzz.com/products/interactive-puzzle-toy,218.13,200,1,2,1,5,3,27,0.69,360,3,0,6,30,6,77,85,Good,Slow,Heavy Page,Average,1,Poor,Slow,Warning,73.03,200,1,1,1,6,1,32,0.3,307,1.8,0,3,12,3.1,96,95,Good,Fast (<2s),Light Page,Good,1,Good,Good,Good,19,0.39,3,10,1,Low Improvement
https://wooferzz.com/products/indestructible-rubber-chew-toy,209.52,200,1,2,1,6,1,30,0.56,455,3.1,0,5,20,4.1,70,70,Good,Fast (≤3s),Heavy Page,Average,1,Needs Improvement,Slow,Critical,113.4,200,1,2,1,8,3,25,0.33,466,1.4,0,2,2,3.1,96,100,Good,Fast (<2s),Light Page,Good,1,Good,Good,Good,26,0.23,3,30,1,High Improvement
https://wooferzz.com/products/plush-squeaky-duck-toy,100.86,200,1,2,1,9,2,38,0.69,401,3,0,4,40,3.7,68,75,Good,Slow,Light Page,Poor,1,Needs Improvement,Slow,Critical,124.08,200,1,1,1,9,1,37,0.41,347,1.1,0,3,8,3.8,89,95,Good,Fast (<2s),Light Page,Good,1,Good,Good,Good,21,0.28,1,20,1,High Improvement
https://wooferzz.com/products/cooling-mat-for-summer,122.88,200,1,2,1,8,2,29,0.94,375,2.3,0,8,80,4.8,60,85,Good,Slow,Light Page,Poor,1,Poor,Slow,Critical,114.48,200,1,1,1,8,2,36,0.31,444,1.3,0,3,16,3.5,94,100,Good,Fast (<2s),Light Page,Good,1,Good,Good,Good,34,0.63,5,15,1,High Improvement
https://wooferzz.com/products/dog-shampoo-oatmeal-aloe,121.6,200,1,2,1,8,2,26,0.74,398,2.7,0,4,20,5.8,68,75,Good,Slow,Light Page,Poor,1,Needs Improvement,Slow,Critical,112.65,200,1,1,1,6,3,28,0.37,353,1.8,0,2,2,1.5,91,95,Good,Fast (<2s),Light Page,Good,1,Good,Good,Good,23,0.37,2,20,1,High Improvement
https://wooferzz.com/products/tick-and-flea-repellent-spray,115.06,200,1,2,1,6,3,39,0.49,413,1.9,0,8,80,5.5,70,70,Good,Fast (≤3s),Light Page,Average,1,Poor,Slow,Critical,133.83,200,1,2,1,6,1,29,0.21,423,1.8,0,1,8,1.7,91,95,Good,Fast (<2s),Light Page,Good,1,Good,Good,Good,21,0.28,7,25,1,High Improvement
https://wooferzz.com/products/paw-balm-for-cracked-paws,111.53,200,1,1,1,8,3,26,0.92,472,2.8,0,5,40,3.8,74,90,Good,Slow,Light Page,Average,1,Needs Improvement,Slow,Warning,77.89,200,1,1,1,8,1,26,0.2,456,1.3,0,1,0,2.8,95,90,Good,Fast (<2s),Light Page,Good,1,Good,Good,Good,21,0.72,4,0,1,High Improvement
https://wooferzz.com/products/dog-slicker-brush-grooming,133.3,200,1,1,1,9,3,37,0.46,354,2.7,0,7,50,4.8,79,90,Good,Fast (≤3s),Light Page,Average,1,Poor,Slow,Critical,95.03,200,1,2,1,5,2,26,0.44,463,1.1,0,2,16,3.6,92,90,Good,Fast (<2s),Light Page,Good,1,Good,Good,Good,13,0.02,5,0,1,Low Improvement
https://wooferzz.com/products/microfiber-fast-drying-towel,106.34,200,1,2,1,5,3,37,0.48,300,2.5,0,7,30,5.3,76,75,Good,Fast (≤3s),Light Page,Average,1,Poor,Slow,Critical,139.13,200,1,1,1,7,2,32,0.3,398,1.8,0,1,4,2.4,93,100,Good,Fast (<2s),Light Page,Good,1,Good,Good,Good,17,0.18,6,25,1,Low Improvement
https://wooferzz.com/products/biodegradable-poop-bags,196.36,200,1,2,1,7,2,39,0.46,402,2.6,0,5,30,4.8,61,70,Good,Fast (≤3s),Heavy Page,Poor,1,Needs Improvement,Slow,Critical,88.65,200,1,2,1,4,2,39,0.45,391,1.7,0,2,16,3,93,100,Good,Fast (<2s),Light Page,Good,1,Good,Good,Good,32,0.01,3,30,1,High Improvement
https://wooferzz.com/products/portable-water-bottle-travel,122.51,200,1,2,1,7,1,26,0.45,343,1.8,0,6,30,4.1,74,70,Good,Fast (≤3s),Light Page,Average,1,Poor,Slow,Critical,80.67,200,1,2,1,3,2,27,0.34,355,1.6,0,3,8,1.6,93,100,Good,Fast (<2s),Light Page,Good,1,Good,Good,Good,19,0.11,3,30,1,Low Improvement
https://wooferzz.com/products/snuffle-mat-mental-stimulation,214.78,200,1,1,1,4,3,30,0.77,409,1.9,0,8,50,5.3,74,85,Good,Slow,Heavy Page,Average,1,Poor,Slow,Critical,89.78,200,1,1,1,7,2,28,0.27,466,1.8,0,3,16,1.6,94,100,Good,Fast (<2s),Light Page,Good,1,Good,Good,Good,20,0.5,5,15,1,High Improvement
https://wooferzz.com/products/dog-raincoat-waterproof,103.94,200,1,1,1,8,1,37,0.54,345,2.9,0,4,40,6,77,75,Good,Fast (≤3s),Light Page,Average,1,Needs Improvement,Slow,Critical,104.97,200,1,1,1,4,2,41,0.44,366,1.5,0,2,4,2.1,94,90,Good,Fast (<2s),Light Page,Good,1,Good,Good,Good,17,0.1,2,15,1,Low Improvement
https://wooferzz.com/products/winter-fleece-jacket-dogs,116.03,200,1,1,1,8,1,28,0.78,374,2.3,0,7,10,5.4,78,70,Good,Slow,Light Page,Average,1,Poor,Slow,Critical,89.12,200,1,1,1,6,1,40,0.43,311,1.4,0,3,16,2.8,91,100,Good,Fast (<2s),Light Page,Good,1,Good,Good,Good,13,0.35,4,30,1,Low Improvement
https://wooferzz.com/products/rope-tug-of-war-toy,239.23,200,1,2,1,8,2,31,0.43,359,2.8,0,4,80,4.2,63,70,Good,Fast (≤3s),Heavy Page,Poor,1,Needs Improvement,Slow,Critical,140.37,200,1,2,1,9,2,25,0.4,370,1.6,0,2,12,2.9,91,95,Good,Fast (<2s),Light Page,Good,1,Good,Good,Good,28,0.03,2,25,1,High Improvement
https://wooferzz.com/products/dental-water-additive,170.3,200,1,2,1,6,1,27,0.52,467,1.8,0,5,40,6.4,77,90,Good,Fast (≤3s),Light Page,Average,1,Needs Improvement,Slow,Warning,103.11,200,1,2,1,7,3,34,0.25,345,1.3,0,1,2,2.9,88,95,Good,Fast (<2s),Light Page,Good,1,Good,Good,Good,11,0.27,4,5,1,Low Improvement
https://wooferzz.com/products/multivitamin-chews-senior-dogs,185.5,200,1,2,1,7,1,35,0.74,408,1.9,0,8,20,3.8,81,90,Good,Slow,Heavy Page,Average,1,Poor,Slow,Critical,71.83,200,1,2,1,9,3,36,0.4,387,1.5,0,3,2,3,90,100,Good,Fast (<2s),Light Page,Good,1,Good,Good,Good,9,0.34,5,10,1,Low Improvement
https://wooferzz.com/products/glucosamine-joint-supplements,182.25,200,1,2,1,6,3,32,0.83,281,2.7,0,5,80,3.6,81,90,Good,Slow,Heavy Page,Average,1,Needs Improvement,Slow,Warning,118.68,200,1,1,1,9,1,25,0.35,457,1.6,0,3,8,1.8,88,100,Good,Fast (<2s),Light Page,Good,1,Good,Good,Good,7,0.48,2,10,1,Low Improvement
https://wooferzz.com/products/coconut-oil-for-pets,236.76,200,1,2,1,6,1,37,0.81,489,2.6,0,7,20,4.5,76,70,Good,Slow,Heavy Page,Average,1,Poor,Slow,Critical,110.22,200,1,2,1,3,2,29,0.39,395,1.5,0,1,16,2.4,95,90,Good,Fast (<2s),Light Page,Good,1,Good,Good,Good,19,0.42,6,20,1,Low Improvement
https://wooferzz.com/products/gourmet-turkey-jerky,221.97,200,1,2,1,7,1,28,0.76,365,2.2,0,8,50,5.3,64,70,Good,Slow,Heavy Page,Poor,1,Poor,Slow,Critical,128.36,200,1,1,1,3,1,36,0.33,480,1.3,0,2,8,1.5,95,95,Good,Fast (<2s),Light Page,Good,1,Good,Good,Good,31,0.43,6,25,1,High Improvement
https://wooferzz.com/products/beef-hide-free-rolls,117.2,200,1,1,1,6,2,26,0.61,437,2.4,0,7,40,5.4,61,75,Good,Slow,Light Page,Poor,1,Poor,Slow,Critical,132,200,1,1,1,9,1,37,0.29,374,1.7,0,3,2,3.6,95,95,Good,Fast (<2s),Light Page,Good,1,Good,Good,Good,34,0.32,4,20,1,High Improvement
https://wooferzz.com/products/rabbit-ears-natural-chews,215.97,200,1,1,1,5,1,37,0.61,477,2.6,0,8,0,5.2,81,80,Good,Slow,Heavy Page,Average,1,Poor,Slow,Critical,140.81,200,1,2,1,6,2,29,0.29,490,1.4,0,1,0,3.5,88,100,Good,Fast (<2s),Light Page,Good,1,Good,Good,Good,7,0.32,7,20,1,Low Improvement
https://wooferzz.com/products/yak-milk-dog-chew-bars,129.26,200,1,1,1,7,3,35,0.54,464,3.1,0,5,50,4.8,78,85,Good,Fast (≤3s),Light Page,Average,1,Needs Improvement,Slow,Warning,88.64,200,1,1,1,3,2,31,0.16,370,1,0,3,8,2,88,90,Good,Fast (<2s),Light Page,Good,1,Good,Good,Good,10,0.38,2,5,1,Low Improvement
https://wooferzz.com/products/cheese-flavored-popcorn-dogs,235.1,200,1,1,1,7,1,26,0.5,307,1.8,0,8,30,4.8,61,70,Good,Fast (≤3s),Heavy Page,Poor,1,Poor,Slow,Critical,123.31,200,1,2,1,3,3,38,0.37,418,1.5,0,2,0,2.6,89,100,Good,Fast (<2s),Light Page,Good,1,Good,Good,Good,28,0.13,6,30,1,High Improvement
https://wooferzz.com/products/strawberry-yogurt-drops,203.76,200,1,1,1,3,2,41,0.81,470,1.8,0,8,80,6.1,79,80,Good,Slow,Heavy Page,Average,1,Poor,Slow,Critical,91.97,200,1,1,1,8,2,33,0.41,306,1.3,0,3,8,3,89,95,Good,Fast (<2s),Light Page,Good,1,Good,Good,Good,10,0.4,5,15,1,Low Improvement
https://wooferzz.com/products/blueberry-antioxidant-treats,114.91,200,1,1,1,9,1,40,0.74,386,2.3,0,6,10,4,71,85,Good,Slow,Light Page,Average,1,Poor,Slow,Warning,80.19,200,1,2,1,5,1,34,0.3,447,1.2,0,1,2,1.7,95,95,Good,Fast (<2s),Light Page,Good,1,Good,Good,Good,24,0.44,5,10,1,High Improvement
https://wooferzz.com/products/cricket-protein-eco-bites,146.85,200,1,2,1,3,3,26,0.94,454,2.3,0,4,30,6.3,62,85,Good,Slow,Light Page,Poor,1,Needs Improvement,Slow,Critical,76.02,200,1,2,1,8,3,40,0.44,339,1.4,0,3,12,2.1,89,90,Good,Fast (<2s),Light Page,Good,1,Good,Good,Good,27,0.5,1,5,1,High Improvement
https://wooferzz.com/products/cod-skin-knots,115.07,200,1,1,1,3,1,38,0.76,421,3.2,0,6,30,6.1,64,90,Good,Slow,Light Page,Poor,1,Poor,Slow,Critical,108.49,200,1,1,1,5,1,32,0.2,433,1.5,0,3,12,3,93,90,Good,Fast (<2s),Light Page,Good,1,Good,Good,Good,29,0.56,3,0,1,High Improvement
https://wooferzz.com/products/venison-jerky-strips,203.09,200,1,1,1,6,2,30,0.84,460,1.8,0,4,20,5.4,71,80,Good,Slow,Heavy Page,Average,1,Needs Improvement,Slow,Warning,92.41,200,1,2,1,3,2,40,0.41,320,1.3,0,1,4,3.2,94,100,Good,Fast (<2s),Light Page,Good,1,Good,Good,Good,23,0.43,3,20,1,High Improvement
https://wooferzz.com/products/air-dried-beef-lung,107.24,200,1,2,1,7,3,39,0.45,447,3.1,0,7,20,6,79,70,Good,Fast (≤3s),Light Page,Average,1,Poor,Slow,Critical,83.53,200,1,2,1,4,2,25,0.31,477,1.8,0,1,0,3,93,95,Good,Fast (<2s),Light Page,Good,1,Good,Good,Good,14,0.14,6,25,1,Low Improvement
https://wooferzz.com/products/chicken-gizzard-crunch,160.87,200,1,1,1,8,3,40,0.43,363,2,0,7,10,6.4,67,70,Good,Fast (≤3s),Light Page,Poor,1,Poor,Slow,Critical,89.94,200,1,1,1,8,2,28,0.4,498,1.3,0,3,16,2.5,97,100,Good,Fast (<2s),Light Page,Good,1,Good,Good,Good,30,0.03,4,30,1,High Improvement
https://wooferzz.com/products/duck-feet-natural-sources,134.51,200,1,1,1,9,1,39,0.8,363,3.1,0,8,0,5.4,61,90,Good,Slow,Light Page,Poor,1,Poor,Slow,Critical,79.96,200,1,2,1,9,1,33,0.19,427,1.2,0,2,4,2.2,94,100,Good,Fast (<2s),Light Page,Good,1,Good,Good,Good,33,0.61,6,10,1,High Improvement
https://wooferzz.com/products/pork-rinds-puffed,185.68,200,1,1,1,5,1,37,0.81,486,2.5,0,6,50,3.9,60,85,Good,Slow,Heavy Page,Poor,1,Poor,Slow,Critical,144.22,200,1,1,1,6,1,28,0.23,463,1.7,0,3,16,3.2,90,100,Good,Fast (<2s),Light Page,Good,1,Good,Good,Good,30,0.58,3,15,1,High Improvement
https://wooferzz.com/products/cbd-infused-calming-drops,115.03,200,1,2,1,4,3,35,0.64,498,2,0,4,0,6.3,67,75,Good,Slow,Light Page,Poor,1,Needs Improvement,Slow,Critical,91.47,200,1,2,1,4,3,37,0.22,406,1.2,0,3,2,2,91,90,Good,Fast (<2s),Light Page,Good,1,Good,Good,Good,24,0.42,1,15,1,High Improvement
https://wooferzz.com/products/probiotic-powder-gut-health,239.23,200,1,1,1,7,1,41,0.7,420,1.9,0,6,80,4,60,85,Good,Slow,Heavy Page,Poor,1,Poor,Slow,Critical,124.46,200,1,1,1,5,2,29,0.36,456,1.2,0,1,2,3.2,94,100,Good,Fast (<2s),Light Page,Good,1,Good,Good,Good,34,0.34,5,15,1,High Improvement
https://wooferzz.com/products/omega-3-krill-oil,149.27,200,1,2,1,5,2,37,0.42,326,2.5,0,7,50,4.2,81,90,Good,Fast (≤3s),Light Page,Average,1,Poor,Slow,Critical,124.13,200,1,2,1,8,1,25,0.28,495,1.3,0,1,12,1.5,93,100,Good,Fast (<2s),Light Page,Good,1,Good,Good,Good,12,0.14,6,10,1,Low Improvement
https://wooferzz.com/products/collagen-sticks-long-lasting,156.52,200,1,1,1,3,1,41,0.73,375,2.6,0,8,20,4.1,62,85,Good,Slow,Light Page,Poor,1,Poor,Slow,Critical,89.26,200,1,2,1,9,2,37,0.25,310,1.7,0,2,4,2.7,96,100,Good,Fast (<2s),Light Page,Good,1,Good,Good,Good,34,0.48,6,15,1,High Improvement
https://wooferzz.com/products/heavy-chewer-wishbone,201.07,200,1,1,1,4,3,32,0.48,302,2.9,0,8,30,5.5,76,85,Good,Fast (≤3s),Heavy Page,Average,1,Poor,Slow,Critical,84.58,200,1,1,1,5,3,25,0.32,497,1.6,0,1,2,3.3,88,100,Good,Fast (<2s),Light Page,Good,1,Good,Good,Good,12,0.16,7,15,1,Low Improvement
https://wooferzz.com/products/floating-water-toy-fetch,133.88,200,1,2,1,7,1,41,0.48,462,2.2,0,8,80,4.9,64,70,Good,Fast (≤3s),Light Page,Poor,1,Poor,Slow,Critical,81.97,200,1,2,1,4,1,39,0.27,309,1.8,0,1,4,3.3,97,100,Good,Fast (<2s),Light Page,Good,1,Good,Good,Good,33,0.21,7,30,1,High Improvement
https://wooferzz.com/products/automatic-ball-launcher,197.26,200,1,2,1,5,1,25,0.73,386,3.1,0,5,0,4.5,80,90,Good,Slow,Heavy Page,Average,1,Needs Improvement,Slow,Warning,86,200,1,1,1,6,3,28,0.21,473,1.6,0,2,0,3.5,92,95,Good,Fast (<2s),Light Page,Good,1,Good,Good,Good,12,0.52,3,5,1,Low Improvement
https://wooferzz.com/products/cooling-vest-harness,186.62,200,1,2,1,3,3,33,0.43,292,2.3,0,7,0,4.9,62,80,Good,Fast (≤3s),Heavy Page,Poor,1,Poor,Slow,Critical,100.55,200,1,2,1,3,1,35,0.38,324,1.5,0,3,0,3.4,91,90,Good,Fast (<2s),Light Page,Good,1,Good,Good,Good,29,0.05,4,10,1,High Improvement
https://wooferzz.com/products/tactical-dog-vest,190.03,200,1,1,1,8,2,41,0.85,379,2.9,0,8,30,3.8,75,90,Good,Slow,Heavy Page,Average,1,Poor,Slow,Critical,74.52,200,1,1,1,7,3,32,0.25,342,1.5,0,3,0,3.3,90,100,Good,Fast (<2s),Light Page,Good,1,Good,Good,Good,15,0.6,5,10,1,Low Improvement
https://wooferzz.com/products/led-light-up-collar,167.69,200,1,1,1,5,1,32,0.59,324,2.3,0,6,40,5.4,81,80,Good,Fast (≤3s),Light Page,Average,1,Poor,Slow,Warning,88.07,200,1,2,1,3,1,41,0.37,417,1.7,0,1,0,3.1,96,95,Good,Fast (<2s),Light Page,Good,1,Good,Good,Good,15,0.22,5,15,1,Low Improvement
https://wooferzz.com/products/hands-free-running-leash,169.09,200,1,1,1,9,3,33,0.9,453,2,0,6,20,5.9,80,85,Good,Slow,Light Page,Average,1,Poor,Slow,Warning,169.09,200,1,1,1,9,3,33,0.9,453,2,0,6,20,5.9,80,85,Good,Slow,Light Page,Average,1,Poor,Slow,Warning,0,0,0,0,0,No Improvement
https://wooferzz.com/products/travel-dog-crate,188.87,200,1,1,1,3,2,30,0.46,397,2.7,0,7,20,6.4,72,80,Good,Fast (≤3s),Heavy Page,Average,1,Poor,Slow,Critical,188.87,200,1,1,1,3,2,30,0.46,397,2.7,0,7,20,6.4,72,80,Good,Fast (≤3s),Heavy Page,Average,1,Poor,Slow,Critical,0,0,0,0,0,No Improvement
https://wooferzz.com/products/airline-approved-pet-carrier,207.66,200,1,1,1,5,2,29,0.61,434,2.6,0,6,40,4.2,67,75,Good,Slow,Heavy Page,Poor,1,Poor,Slow,Critical,207.66,200,1,1,1,5,2,29,0.61,434,2.6,0,6,40,4.2,67,75,Good,Slow,Heavy Page,Poor,1,Poor,Slow,Critical,0,0,0,0,0,No Improvement
https://wooferzz.com/products/booster-seat-puppies,221.6,200,1,1,1,8,2,37,0.94,448,1.8,0,6,20,5.8,65,70,Good,Slow,Heavy Page,Poor,1,Poor,Slow,Critical,221.6,200,1,1,1,8,2,37,0.94,448,1.8,0,6,20,5.8,65,70,Good,Slow,Heavy Page,Poor,1,Poor,Slow,Critical,0,0,0,0,0,No Improvement
https://wooferzz.com/products/orthopedic-memory-foam-mat,221.92,200,1,2,1,5,2,41,0.65,494,1.9,0,6,80,4.5,75,75,Good,Slow,Heavy Page,Average,1,Poor,Slow,Critical,221.92,200,1,2,1,5,2,41,0.65,494,1.9,0,6,80,4.5,75,75,Good,Slow,Heavy Page,Average,1,Poor,Slow,Critical,0,0,0,0,0,No Improvement
https://wooferzz.com/products/luxury-faux-fur-donut-bed,211,200,1,1,1,9,2,34,0.94,311,2.9,0,8,50,5.3,74,80,Good,Slow,Heavy Page,Average,1,Poor,Slow,Critical,211,200,1,1,1,9,2,34,0.94,311,2.9,0,8,50,5.3,74,80,Good,Slow,Heavy Page,Average,1,Poor,Slow,Critical,0,0,0,0,0,No Improvement
https://wooferzz.com/products/elevated-cooling-pet-cot,94.63,200,1,2,1,9,1,25,0.43,360,2,0,7,30,4,62,70,Good,Fast (≤3s),Light Page,Poor,1,Poor,Slow,Critical,94.63,200,1,2,1,9,1,25,0.43,360,2,0,7,30,4,62,70,Good,Fast (≤3s),Light Page,Poor,1,Poor,Slow,Critical,0,0,0,0,0,No Improvement
https://wooferzz.com/products/silicone-pet-feeding-mat,219.79,200,1,2,1,9,3,40,0.49,351,2.2,0,5,50,5.5,77,80,Good,Fast (≤3s),Heavy Page,Average,1,Needs Improvement,Slow,Warning,219.79,200,1,2,1,9,3,40,0.49,351,2.2,0,5,50,5.5,77,80,Good,Fast (≤3s),Heavy Page,Average,1,Needs Improvement,Slow,Warning,0,0,0,0,0,No Improvement
https://wooferzz.com/products/slow-feeder-insert-suction,105.21,200,1,2,1,3,2,30,0.55,337,2.2,0,5,0,6.4,61,90,Good,Fast (≤3s),Light Page,Poor,1,Needs Improvement,Slow,Critical,105.21,200,1,2,1,3,2,30,0.55,337,2.2,0,5,0,6.4,61,90,Good,Fast (≤3s),Light Page,Poor,1,Needs Improvement,Slow,Critical,0,0,0,0,0,No Improvement
https://wooferzz.com/products/whisker-friendly-shallow-bowl,130.11,200,1,1,1,6,3,26,0.41,436,3.2,0,6,10,4.9,74,70,Good,Fast (≤3s),Light Page,Average,1,Poor,Slow,Critical,130.11,200,1,1,1,6,3,26,0.41,436,3.2,0,6,10,4.9,74,70,Good,Fast (≤3s),Light Page,Average,1,Poor,Slow,Critical,0,0,0,0,0,No Improvement
https://wooferzz.com/products/smart-automatic-pet-feeder,189.75,200,1,2,1,9,3,28,0.67,372,2.8,0,5,20,6.2,61,70,Good,Slow,Heavy Page,Poor,1,Needs Improvement,Slow,Critical,189.75,200,1,2,1,9,3,28,0.67,372,2.8,0,5,20,6.2,61,70,Good,Slow,Heavy Page,Poor,1,Needs Improvement,Slow,Critical,0,0,0,0,0,No Improvement
https://wooferzz.com/products/dog-water-fountain-filtered,213.45,200,1,2,1,5,2,34,0.91,488,2.6,0,6,10,5,65,80,Good,Slow,Heavy Page,Poor,1,Poor,Slow,Critical,213.45,200,1,2,1,5,2,34,0.91,488,2.6,0,6,10,5,65,80,Good,Slow,Heavy Page,Poor,1,Poor,Slow,Critical,0,0,0,0,0,No Improvement
https://wooferzz.com/products/pet-hair-remover-roller,204.67,200,1,1,1,4,1,31,0.63,474,2.7,0,4,50,4,63,90,Good,Slow,Heavy Page,Poor,1,Needs Improvement,Slow,Critical,204.67,200,1,1,1,4,1,31,0.63,474,2.7,0,4,50,4,63,90,Good,Slow,Heavy Page,Poor,1,Needs Improvement,Slow,Critical,0,0,0,0,0,No Improvement
https://wooferzz.com/products/nail-grinder-painless-electric,218.82,200,1,1,1,7,3,37,0.77,439,3,0,6,50,4.8,73,90,Good,Slow,Heavy Page,Average,1,Poor,Slow,Warning,218.82,200,1,1,1,7,3,37,0.77,439,3,0,6,50,4.8,73,90,Good,Slow,Heavy Page,Average,1,Poor,Slow,Warning,0,0,0,0,0,No Improvement
https://wooferzz.com/products/ear-cleaner-solution-dogs,152.21,200,1,2,1,4,3,37,0.81,408,3,0,6,10,4.7,76,90,Good,Slow,Light Page,Average,1,Poor,Slow,Warning,152.21,200,1,2,1,4,3,37,0.81,408,3,0,6,10,4.7,76,90,Good,Slow,Light Page,Average,1,Poor,Slow,Warning,0,0,0,0,0,No Improvement
https://wooferzz.com/products/tear-stain-remover-wipes,216.5,200,1,1,1,7,3,27,0.67,418,2.3,0,4,80,4.9,64,75,Good,Slow,Heavy Page,Poor,1,Needs Improvement,Slow,Critical,216.5,200,1,1,1,7,3,27,0.67,418,2.3,0,4,80,4.9,64,75,Good,Slow,Heavy Page,Poor,1,Needs Improvement,Slow,Critical,0,0,0,0,0,No Improvement
https://wooferzz.com/products/calming-hemp-shampoo,142.49,200,1,2,1,7,3,40,0.91,432,2.3,0,5,50,6,68,85,Good,Slow,Light Page,Poor,1,Needs Improvement,Slow,Critical,142.49,200,1,2,1,7,3,40,0.91,432,2.3,0,5,50,6,68,85,Good,Slow,Light Page,Poor,1,Needs Improvement,Slow,Critical,0,0,0,0,0,No Improvement
https://wooferzz.com/products/puppy-potty-training-spray,226.18,200,1,1,1,4,2,41,0.68,407,2.1,0,4,10,5.6,68,75,Good,Slow,Heavy Page,Poor,1,Needs Improvement,Slow,Critical,226.18,200,1,1,1,4,2,41,0.68,407,2.1,0,4,10,5.6,68,75,Good,Slow,Heavy Page,Poor,1,Needs Improvement,Slow,Critical,0,0,0,0,0,No Improvement
https://wooferzz.com/products/washable-pee-pads-reusable,173.6,200,1,1,1,7,2,26,0.42,287,2.7,0,4,50,6.2,67,90,Good,Fast (≤3s),Light Page,Poor,1,Needs Improvement,Slow,Critical,173.6,200,1,1,1,7,2,26,0.42,287,2.7,0,4,50,6.2,67,90,Good,Fast (≤3s),Light Page,Poor,1,Needs Improvement,Slow,Critical,0,0,0,0,0,No Improvement
https://wooferzz.com/products/dog-training-clicker-pouch,152.22,200,1,2,1,7,3,40,0.62,490,2.3,0,7,40,5.4,76,75,Good,Slow,Light Page,Average,1,Poor,Slow,Critical,152.22,200,1,2,1,7,3,40,0.62,490,2.3,0,7,40,5.4,76,75,Good,Slow,Light Page,Average,1,Poor,Slow,Critical,0,0,0,0,0,No Improvement
https://wooferzz.com/products/agility-hurdle-cone-set,193.63,200,1,1,1,9,2,39,0.78,488,2.7,0,5,50,4,73,85,Good,Slow,Heavy Page,Average,1,Needs Improvement,Slow,Warning,193.63,200,1,1,1,9,2,39,0.78,488,2.7,0,5,50,4,73,85,Good,Slow,Heavy Page,Average,1,Needs Improvement,Slow,Warning,0,0,0,0,0,No Improvement
https://wooferzz.com/products/dog-sleeping-bag-camping,193.6,200,1,1,1,5,1,34,0.73,488,2.5,0,6,80,5.6,68,70,Good,Slow,Heavy Page,Poor,1,Poor,Slow,Critical,193.6,200,1,1,1,5,1,34,0.73,488,2.5,0,6,80,5.6,68,70,Good,Slow,Heavy Page,Poor,1,Poor,Slow,Critical,0,0,0,0,0,No Improvement
https://wooferzz.com/products/life-jacket-safety-swimwear,114.9,200,1,2,1,9,1,28,0.46,404,1.8,0,6,50,5.4,64,85,Good,Fast (≤3s),Light Page,Poor,1,Poor,Slow,Critical,114.9,200,1,2,1,9,1,28,0.46,404,1.8,0,6,50,5.4,64,85,Good,Fast (≤3s),Light Page,Poor,1,Poor,Slow,Critical,0,0,0,0,0,No Improvement
https://wooferzz.com/products/dog-socks-anti-slip-bottom,152.79,200,1,1,1,9,3,31,0.65,292,2.8,0,5,20,6.5,74,75,Good,Slow,Light Page,Average,1,Needs Improvement,Slow,Critical,152.79,200,1,1,1,9,3,31,0.65,292,2.8,0,5,20,6.5,74,75,Good,Slow,Light Page,Average,1,Needs Improvement,Slow,Critical,0,0,0,0,0,No Improvement
https://wooferzz.com/products/christmas-santa-dog-sweater,150.42,200,1,1,1,8,3,27,0.93,487,3.1,0,8,20,3.9,72,85,Good,Slow,Light Page,Average,1,Poor,Slow,Critical,150.42,200,1,1,1,8,3,27,0.93,487,3.1,0,8,20,3.9,72,85,Good,Slow,Light Page,Average,1,Poor,Slow,Critical,0,0,0,0,0,No Improvement
https://wooferzz.com/products/halloween-pumpkin-costume,228.11,200,1,1,1,6,1,40,0.42,398,2.2,0,6,10,5.9,72,90,Good,Fast (≤3s),Heavy Page,Average,1,Poor,Slow,Warning,228.11,200,1,1,1,6,1,40,0.42,398,2.2,0,6,10,5.9,72,90,Good,Fast (≤3s),Heavy Page,Average,1,Poor,Slow,Warning,0,0,0,0,0,No Improvement
https://wooferzz.com/products/birthday-boy-bandana,122.33,200,1,2,1,6,1,35,0.58,321,2.5,0,8,50,6.2,64,80,Good,Fast (≤3s),Light Page,Poor,1,Poor,Slow,Critical,122.33,200,1,2,1,6,1,35,0.58,321,2.5,0,8,50,6.2,64,80,Good,Fast (≤3s),Light Page,Poor,1,Poor,Slow,Critical,0,0,0,0,0,No Improvement
https://wooferzz.com/products/matching-owner-pet-pjs,191.77,200,1,1,1,6,2,37,0.57,331,3,0,8,20,5,67,70,Good,Fast (≤3s),Heavy Page,Poor,1,Poor,Slow,Critical,191.77,200,1,1,1,6,2,37,0.57,331,3,0,8,20,5,67,70,Good,Fast (≤3s),Heavy Page,Poor,1,Poor,Slow,Critical,0,0,0,0,0,No Improvement
